run_id,origin_kind,github_run_id,workflow,ref
20260526T034626Z-2a6b73,history_port,,,
20260829T012315Z-2499d4,ci,33226258959,Scheduled Ingestion — Daily,refs/heads/main
20260829T022141Z-96b5f9,ci,33228746181,Scheduled Ingestion — Daily,refs/heads/main
20260829T071502Z-2711b5,ci,33240384693,Scheduled Ingestion — Daily,refs/heads/main
20260829T113601Z-d16519,ci,33250497877,Scheduled Ingestion — Live,refs/heads/main
20260829T121857Z-094892,ci,33252182452,Scheduled Ingestion — Live,refs/heads/main
20260829T123910Z-21df36,ci,33253033853,Scheduled Ingestion — Live,refs/heads/main
20260829T131117Z-3aee93,ci,33254366331,Scheduled Ingestion — Live,refs/heads/main
20260829T133601Z-cd530c,ci,33255422764,Scheduled Ingestion — Live,refs/heads/main
20260829T141223Z-f6ee34,ci,33256966999,Scheduled Ingestion — Live,refs/heads/main
20260829T143537Z-39c78d,ci,33258006658,Scheduled Ingestion — Live,refs/heads/main
20260829T151139Z-5b153c,ci,33259564860,Scheduled Ingestion — Live,refs/heads/main
20260829T153548Z-0c09bc,ci,33260671354,Scheduled Ingestion — Live,refs/heads/main
20260829T161344Z-0b6b5e,ci,33262375030,Scheduled Ingestion — Live,refs/heads/main
20260829T163530Z-de3908,ci,33263383782,Scheduled Ingestion — Live,refs/heads/main
20260829T171105Z-f08407,ci,33264932622,Scheduled Ingestion — Live,refs/heads/main
20260829T173548Z-a6d497,ci,33266039255,Scheduled Ingestion — Live,refs/heads/main
20260829T181537Z-7a8b37,ci,33267764031,Scheduled Ingestion — Live,refs/heads/main
20260829T183707Z-04af0f,ci,33268743788,Scheduled Ingestion — Live,refs/heads/main
20260829T191108Z-b12d19,ci,33270198252,Scheduled Ingestion — Daily,refs/heads/main
20260830T071621Z-25afef,ci,33298803194,Scheduled Ingestion — Daily,refs/heads/main
20260830T131143Z-81862c,ci,33313500930,Scheduled Ingestion — Live,refs/heads/main
20260830T133600Z-13d428,ci,33314607009,Scheduled Ingestion — Live,refs/heads/main
20260830T141220Z-521a7d,ci,33316214440,Scheduled Ingestion — Live,refs/heads/main
20260830T143601Z-06708b,ci,33317297884,Scheduled Ingestion — Live,refs/heads/main
20260830T151203Z-972040,ci,33318956615,Scheduled Ingestion — Live,refs/heads/main
20260830T153551Z-ea5bb0,ci,33320081547,Scheduled Ingestion — Live,refs/heads/main
20260830T161402Z-c35e51,ci,33321864016,Scheduled Ingestion — Live,refs/heads/main
20260830T163552Z-727a1b,ci,33322894383,Scheduled Ingestion — Live,refs/heads/main
20260830T171048Z-520a7a,ci,33324509034,Scheduled Ingestion — Live,refs/heads/main
20260830T173602Z-ed4bbe,ci,33325701687,Scheduled Ingestion — Live,refs/heads/main
20260830T191120Z-880592,ci,33330157025,Scheduled Ingestion — Daily,refs/heads/main
20260831T072350Z-59a3f8,ci,33368177580,Scheduled Ingestion — Daily,refs/heads/main
20260831T191101Z-43d320,ci,33429125897,Scheduled Ingestion — Live,refs/heads/main
20260831T191154Z-d94896,ci,33429206163,Scheduled Ingestion — Daily,refs/heads/main
20260831T193621Z-b295ae,ci,33431467110,Scheduled Ingestion — Live,refs/heads/main
20260831T201430Z-fa16c6,ci,33434925104,Scheduled Ingestion — Live,refs/heads/main
20260831T203609Z-227b9b,ci,33436909757,Scheduled Ingestion — Live,refs/heads/main
20260831T211246Z-ffac88,ci,33440149065,Scheduled Ingestion — Live,refs/heads/main
20260901T071823Z-479357,ci,33481476414,Scheduled Ingestion — Daily,refs/heads/main
20260901T191323Z-3fef14,ci,33548219570,Scheduled Ingestion — Daily,refs/heads/main
20260902T071919Z-34bc3a,ci,33602958982,Scheduled Ingestion — Daily,refs/heads/main
20260902T163935Z-07eb06,local,,,
20260902T191318Z-c29f24,ci,33671972699,Scheduled Ingestion — Daily,refs/heads/main
20260903T071919Z-9518aa,ci,33727403411,Scheduled Ingestion — Daily,refs/heads/main
20260903T191205Z-b218db,ci,33795007169,Scheduled Ingestion — Daily,refs/heads/main
20260904T071727Z-3905d0,ci,33848032924,Scheduled Ingestion — Daily,refs/heads/main
20260904T171236Z-b25c27,ci,33899306336,Scheduled Ingestion — Live,refs/heads/main
20260904T191040Z-ec0a93,ci,33909769860,Scheduled Ingestion — Live,refs/heads/main
20260904T191134Z-3070cd,ci,33909851793,Scheduled Ingestion — Daily,refs/heads/main
20260904T193610Z-f8a126,ci,33911987095,Scheduled Ingestion — Live,refs/heads/main
20260904T201352Z-882e48,ci,33915169582,Scheduled Ingestion — Live,refs/heads/main
20260904T203615Z-edabf2,ci,33917032545,Scheduled Ingestion — Live,refs/heads/main
20260904T211202Z-2de578,ci,33919947430,Scheduled Ingestion — Live,refs/heads/main
20260905T071502Z-9030da,ci,33952015972,Scheduled Ingestion — Daily,refs/heads/main
20260905T113605Z-d5d8bf,ci,33963764395,Scheduled Ingestion — Live,refs/heads/main
20260905T121851Z-6ff3d5,ci,33965676902,Scheduled Ingestion — Live,refs/heads/main
20260905T123958Z-eeb1e1,ci,33966673586,Scheduled Ingestion — Live,refs/heads/main
20260905T131149Z-1cfc75,ci,33968185400,Scheduled Ingestion — Live,refs/heads/main
20260905T133535Z-b5c544,ci,33969337604,Scheduled Ingestion — Live,refs/heads/main
20260905T141223Z-c8e147,ci,33971102488,Scheduled Ingestion — Live,refs/heads/main
20260905T143532Z-4eec20,ci,33972259817,Scheduled Ingestion — Live,refs/heads/main
20260905T151145Z-6515d1,ci,33974039123,Scheduled Ingestion — Live,refs/heads/main
20260905T153531Z-0f98c9,ci,33975259444,Scheduled Ingestion — Live,refs/heads/main
20260905T161309Z-5cba22,ci,33977166469,Scheduled Ingestion — Live,refs/heads/main
20260905T163542Z-014f8d,ci,33978345373,Scheduled Ingestion — Live,refs/heads/main
20260905T171048Z-92cd58,ci,33980133288,Scheduled Ingestion — Live,refs/heads/main
20260905T173611Z-731910,ci,33981459780,Scheduled Ingestion — Live,refs/heads/main
20260905T181528Z-89fd15,ci,33983478231,Scheduled Ingestion — Live,refs/heads/main
20260905T183731Z-21cdcf,ci,33984633703,Scheduled Ingestion — Live,refs/heads/main
20260905T191111Z-66a9bf,ci,33986332826,Scheduled Ingestion — Daily,refs/heads/main
20260906T071545Z-cc61c3,ci,34018663136,Scheduled Ingestion — Daily,refs/heads/main
20260906T131157Z-751d03,ci,34035351578,Scheduled Ingestion — Live,refs/heads/main
20260906T133605Z-3cf446,ci,34036578766,Scheduled Ingestion — Live,refs/heads/main
20260906T141221Z-13d459,ci,34038419796,Scheduled Ingestion — Live,refs/heads/main
20260906T143612Z-ce42b8,ci,34039667981,Scheduled Ingestion — Live,refs/heads/main
20260906T151202Z-eada81,ci,34041542985,Scheduled Ingestion — Live,refs/heads/main
20260906T153604Z-26a4be,ci,34042812736,Scheduled Ingestion — Live,refs/heads/main
20260906T161357Z-83667d,ci,34044765084,Scheduled Ingestion — Live,refs/heads/main
20260906T163527Z-1c7c2f,ci,34045924765,Scheduled Ingestion — Live,refs/heads/main
20260906T171039Z-879905,ci,34047766730,Scheduled Ingestion — Live,refs/heads/main
20260906T173605Z-6e3fdf,ci,34049100252,Scheduled Ingestion — Live,refs/heads/main
20260906T191056Z-6d5820,ci,34054061018,Scheduled Ingestion — Daily,refs/heads/main
20260907T072440Z-b003a0,ci,34095315003,Scheduled Ingestion — Daily,refs/heads/main
20260907T191252Z-50c9e8,ci,34154656789,Scheduled Ingestion — Daily,refs/heads/main
20260908T071742Z-02f914,ci,34198596528,Scheduled Ingestion — Daily,refs/heads/main
20260908T191313Z-16a9e4,ci,34267655506,Scheduled Ingestion — Daily,refs/heads/main
20260909T071816Z-82444c,ci,34323149897,Scheduled Ingestion — Daily,refs/heads/main
20260909T191230Z-7ec7c7,ci,34393655279,Scheduled Ingestion — Daily,refs/heads/main
20260910T071748Z-2dfc60,ci,34449238300,Scheduled Ingestion — Daily,refs/heads/main
20260910T191141Z-9d8de9,ci,34518913381,Scheduled Ingestion — Daily,refs/heads/main
20260911T071732Z-32dad5,ci,34573683164,Scheduled Ingestion — Daily,refs/heads/main
20260911T191256Z-0cc1a6,ci,34637594146,Scheduled Ingestion — Daily,refs/heads/main
20260912T071511Z-55beb1,ci,34680224468,Scheduled Ingestion — Daily,refs/heads/main
20260912T121914Z-075ebb,ci,34693340547,Scheduled Ingestion — Live,refs/heads/main
20260912T141207Z-c1c212,ci,34698576500,Scheduled Ingestion — Live,refs/heads/main
20260912T143626Z-531984,ci,34699769038,Scheduled Ingestion — Live,refs/heads/main
20260912T151159Z-c5a20b,ci,34701489987,Scheduled Ingestion — Live,refs/heads/main
20260912T153556Z-75ee8d,ci,34702706123,Scheduled Ingestion — Live,refs/heads/main
20260912T161408Z-f8b342,ci,34704590245,Scheduled Ingestion — Live,refs/heads/main
20260912T163544Z-9f9b19,ci,34705708177,Scheduled Ingestion — Live,refs/heads/main
20260912T171104Z-eb6b69,ci,34707445858,Scheduled Ingestion — Live,refs/heads/main
20260912T173622Z-d08104,ci,34708716713,Scheduled Ingestion — Live,refs/heads/main
20260912T181517Z-b0bd0d,ci,34710615504,Scheduled Ingestion — Live,refs/heads/main
20260912T183715Z-2f75e3,ci,34711741247,Scheduled Ingestion — Live,refs/heads/main
20260912T191003Z-6f7518,ci,34713348332,Scheduled Ingestion — Live,refs/heads/main
20260912T191104Z-3ce818,ci,34713400693,Scheduled Ingestion — Daily,refs/heads/main
20260912T193615Z-7e0de0,ci,34714640595,Scheduled Ingestion — Live,refs/heads/main
20260912T201257Z-092cb1,ci,34716419163,Scheduled Ingestion — Live,refs/heads/main
20260912T203838Z-07b1d7,ci,34717676501,Scheduled Ingestion — Live,refs/heads/main
20260912T211237Z-ea56f3,ci,34719282119,Scheduled Ingestion — Live,refs/heads/main
20260913T071550Z-53348a,ci,34744784755,Scheduled Ingestion — Daily,refs/heads/main
20260913T131223Z-0c3f6d,ci,34759164661,Scheduled Ingestion — Live,refs/heads/main
20260913T133554Z-341dd5,ci,34760279363,Scheduled Ingestion — Live,refs/heads/main
20260913T141218Z-bdcc14,ci,34761972859,Scheduled Ingestion — Live,refs/heads/main
20260913T143553Z-c8e572,ci,34763118784,Scheduled Ingestion — Live,refs/heads/main
20260913T151210Z-f3913d,ci,34764875554,Scheduled Ingestion — Live,refs/heads/main
20260913T153557Z-b7760c,ci,34766072731,Scheduled Ingestion — Live,refs/heads/main
20260913T161352Z-559089,ci,34767943539,Scheduled Ingestion — Live,refs/heads/main
20260913T163617Z-a35104,ci,34769073587,Scheduled Ingestion — Live,refs/heads/main
20260913T171103Z-ad6016,ci,34770803131,Scheduled Ingestion — Live,refs/heads/main
20260913T173631Z-facd18,ci,34772095748,Scheduled Ingestion — Live,refs/heads/main
20260913T191112Z-f8ee7b,ci,34776903190,Scheduled Ingestion — Daily,refs/heads/main
20260914T072605Z-394d8d,ci,34817827122,Scheduled Ingestion — Daily,refs/heads/main
20260914T191220Z-f3dfda,ci,34885448596,Scheduled Ingestion — Live,refs/heads/main
20260914T191331Z-76bbc0,ci,34885565389,Scheduled Ingestion — Daily,refs/heads/main
20260914T193544Z-a1403b,ci,34887828274,Scheduled Ingestion — Live,refs/heads/main
20260914T201432Z-5a7da2,ci,34891689433,Scheduled Ingestion — Live,refs/heads/main
20260914T203546Z-47b85d,ci,34893865572,Scheduled Ingestion — Live,refs/heads/main
20260914T211204Z-a730c3,ci,34897411817,Scheduled Ingestion — Live,refs/heads/main
20260915T071933Z-b770c5,ci,34941107814,Scheduled Ingestion — Daily,refs/heads/main
20260915T191327Z-6b4127,ci,35012304656,Scheduled Ingestion — Daily,refs/heads/main
20260916T071917Z-b69be4,ci,35067908572,Scheduled Ingestion — Daily,refs/heads/main
20260916T191302Z-bcd823,ci,35139189172,Scheduled Ingestion — Daily,refs/heads/main
20260917T072020Z-38eee6,ci,35194011152,Scheduled Ingestion — Daily,refs/heads/main
20260917T191320Z-0b8850,ci,35263559387,Scheduled Ingestion — Daily,refs/heads/main
20260918T071835Z-48dcb4,ci,35318785694,Scheduled Ingestion — Daily,refs/heads/main
20260918T171152Z-755db1,ci,35372878139,Scheduled Ingestion — Live,refs/heads/main
20260918T191213Z-d07f8a,ci,35384583527,Scheduled Ingestion — Live,refs/heads/main
20260918T191318Z-03963d,ci,35384681924,Scheduled Ingestion — Daily,refs/heads/main
20260918T193538Z-154f82,ci,35386790350,Scheduled Ingestion — Live,refs/heads/main
20260918T201400Z-11c0e2,ci,35390302444,Scheduled Ingestion — Live,refs/heads/main
20260918T203655Z-3ad147,ci,35392398523,Scheduled Ingestion — Live,refs/heads/main
20260918T211146Z-9214ec,ci,35395476762,Scheduled Ingestion — Live,refs/heads/main
20260919T071552Z-a000e5,ci,35428835972,Scheduled Ingestion — Daily,refs/heads/main
20260919T113557Z-f5756b,ci,35440537342,Scheduled Ingestion — Live,refs/heads/main
20260919T121933Z-14819c,ci,35442525149,Scheduled Ingestion — Live,refs/heads/main
20260919T124127Z-99f189,ci,35443570175,Scheduled Ingestion — Live,refs/heads/main
20260919T131249Z-8c0513,ci,35445079665,Scheduled Ingestion — Live,refs/heads/main
20260919T133551Z-f202c1,ci,35446231148,Scheduled Ingestion — Live,refs/heads/main
20260919T141235Z-010c20,ci,35448025956,Scheduled Ingestion — Live,refs/heads/main
20260919T143550Z-bede03,ci,35449215210,Scheduled Ingestion — Live,refs/heads/main
20260919T151209Z-55fde1,ci,35451054512,Scheduled Ingestion — Live,refs/heads/main
20260919T153543Z-817981,ci,35452289526,Scheduled Ingestion — Live,refs/heads/main
20260919T161332Z-63291e,ci,35454256485,Scheduled Ingestion — Live,refs/heads/main
20260919T163651Z-138cde,ci,35455480071,Scheduled Ingestion — Live,refs/heads/main
20260919T171053Z-edd88f,ci,35457266406,Scheduled Ingestion — Live,refs/heads/main
20260919T173608Z-9d4667,ci,35458581548,Scheduled Ingestion — Live,refs/heads/main
20260919T181520Z-5681f0,ci,35460593011,Scheduled Ingestion — Live,refs/heads/main
20260919T183806Z-4f9f09,ci,35461811706,Scheduled Ingestion — Live,refs/heads/main
20260919T191106Z-4ea06d,ci,35463529706,Scheduled Ingestion — Daily,refs/heads/main
20260920T071627Z-6d371e,ci,35496417188,Scheduled Ingestion — Daily,refs/heads/main
20260920T131148Z-e34978,ci,35512779909,Scheduled Ingestion — Live,refs/heads/main
20260920T133548Z-f3af11,ci,35513959496,Scheduled Ingestion — Live,refs/heads/main
20260920T141215Z-7bca94,ci,35515750177,Scheduled Ingestion — Live,refs/heads/main
20260920T143551Z-05b42f,ci,35516961703,Scheduled Ingestion — Live,refs/heads/main
20260920T151212Z-a43f4c,ci,35518821562,Scheduled Ingestion — Live,refs/heads/main
20260920T153557Z-0fea34,ci,35520078287,Scheduled Ingestion — Live,refs/heads/main
20260920T161401Z-09cfad,ci,35522055077,Scheduled Ingestion — Live,refs/heads/main
20260920T163643Z-d140dd,ci,35523248933,Scheduled Ingestion — Live,refs/heads/main
20260920T171112Z-c3161b,ci,35525042343,Scheduled Ingestion — Live,refs/heads/main
20260920T173546Z-76634d,ci,35526353478,Scheduled Ingestion — Live,refs/heads/main
20260920T191129Z-09f7ad,ci,35531478028,Scheduled Ingestion — Daily,refs/heads/main
20260921T072753Z-bbd9ce,ci,35573067313,Scheduled Ingestion — Daily,refs/heads/main
20260921T191325Z-e6d5e0,ci,35643431731,Scheduled Ingestion — Daily,refs/heads/main
20260922T071920Z-eae90d,ci,35698999361,Scheduled Ingestion — Daily,refs/heads/main
20260922T191340Z-6e82b4,ci,35772389079,Scheduled Ingestion — Daily,refs/heads/main
20260923T072003Z-2a9e46,ci,35831140655,Scheduled Ingestion — Daily,refs/heads/main
20260923T191409Z-51d5ed,ci,35907921913,Scheduled Ingestion — Daily,refs/heads/main
20260924T072015Z-83ab1e,ci,35969044224,Scheduled Ingestion — Daily,refs/heads/main
20260924T172331Z-bf1de5,ci,36033944113,Scheduled Ingestion — Pre-deadline,refs/heads/main
20260924T191358Z-8376ad,ci,36046703430,Scheduled Ingestion — Daily,refs/heads/main
20260925T072031Z-9df5d7,ci,36107124634,Scheduled Ingestion — Daily,refs/heads/main
20260925T191233Z-f10ae4,ci,36178244615,Scheduled Ingestion — Daily,refs/heads/main
20260926T071558Z-532b16,ci,36226244709,Scheduled Ingestion — Daily,refs/heads/main
20260926T191251Z-8ed9a1,ci,36265217922,Scheduled Ingestion — Daily,refs/heads/main
20260927T071753Z-7ed2f3,ci,36302656073,Scheduled Ingestion — Daily,refs/heads/main
20260927T191242Z-348f7d,ci,36343504321,Scheduled Ingestion — Daily,refs/heads/main
20260928T073503Z-ab7aa6,ci,36392416056,Scheduled Ingestion — Daily,refs/heads/main
20260928T191316Z-bba18f,ci,36470678116,Scheduled Ingestion — Daily,refs/heads/main
20260929T072349Z-b18527,ci,36536354777,Scheduled Ingestion — Daily,refs/heads/main
20260929T191359Z-2200a9,ci,36617743480,Scheduled Ingestion — Daily,refs/heads/main
20260930T072426Z-0694a2,ci,36683479946,Scheduled Ingestion — Daily,refs/heads/main
20260930T191434Z-160d45,ci,36764255250,Scheduled Ingestion — Daily,refs/heads/main
20261001T072455Z-bec5d7,ci,36830166067,Scheduled Ingestion — Daily,refs/heads/main
20261001T191452Z-b7644d,ci,36912842593,Scheduled Ingestion — Daily,refs/heads/main
20261002T072238Z-d16a44,ci,36978216843,Scheduled Ingestion — Daily,refs/heads/main
20261002T191358Z-930a7f,ci,37052727926,Scheduled Ingestion — Daily,refs/heads/main
